feature,selection_count,pair_count,cpss_score,r2,spearman,mutual_info,unimodal,diptest_pvalue
TPM__DOT1L,97,47,0.97,0.1599999964237213,-0.41,0.06,True,0.992
TPM__FN1,95,45,0.95,0.14000000059604645,0.38,0.11,True,0.458
TPM__RASAL2-AS1,86,36,0.86,0.1599999964237213,0.41,0.15,False,0.0
TPM__ANKRD1,82,32,0.82,0.15000000596046448,0.44,0.15,False,0.0
TPM__RAI14,80,30,0.8,0.1599999964237213,0.37,0.13,False,0.0
TPM__ENC1,80,30,0.8,0.17000000178813934,0.41,0.15,False,0.0
TPM__CUEDC1,78,28,0.78,0.2199999988079071,0.43,0.16,False,0.0
TPM__PSTPIP1,77,27,0.77,0.18000000715255737,-0.39,0.22,False,0.0
METH__ANKRD44,75,26,0.75,0.1899999976158142,0.4,0.18,False,0.0
TPM__CHMP3,74,24,0.74,0.1599999964237213,0.43,0.19,False,0.0
TPM__EXT1,71,21,0.71,0.14000000059604645,0.36,0.17,False,0.0
METH__TRIM44,70,20,0.7,0.15000000596046448,-0.35,0.14,False,0.0
METH__C21orf125,69,19,0.69,0.15000000596046448,0.36,0.15,False,0.0
TPM__EVA1A,68,19,0.68,0.17000000178813934,0.43,0.16,False,0.0
TPM__PDCD6IP-DT,67,17,0.67,0.15000000596046448,0.42,0.14,False,0.0
TPM__SOX9,67,17,0.67,0.15000000596046448,0.41,0.19,False,0.0
TPM__TPM1,66,16,0.66,0.18000000715255737,0.42,0.16,False,0.0
METH__PARVA,63,13,0.63,0.17000000178813934,-0.39,0.12,False,0.0
TPM__TCEAL4,60,13,0.6,0.15000000596046448,0.35,0.1,False,0.0
METH__GCET2,59,13,0.59,0.1599999964237213,0.38,0.1,False,0.0
TPM__DDN,56,8,0.56,0.15000000596046448,-0.37,0.13,False,0.013
TPM__LINC00511,56,8,0.56,0.17000000178813934,0.42,0.17,False,0.013
TPM__ADAM9,55,8,0.55,0.2199999988079071,0.49,0.23,False,0.013
TPM__RBM15,55,9,0.55,0.15000000596046448,-0.39,0.08,False,0.002
TPM__SEPTIN10,55,10,0.55,0.1599999964237213,0.32,0.17,False,0.0
TPM__KDM2B,55,8,0.55,0.17000000178813934,-0.4,0.09,False,0.013
METH__MAP1LC3B2,54,8,0.54,0.1599999964237213,0.34,0.15,False,0.013
METH__MGC29506,53,9,0.53,0.1599999964237213,0.38,0.11,False,0.002
TPM__PLEC,53,5,0.53,0.14000000059604645,0.39,0.09,True,0.458
TPM__CORO1A-AS1,52,10,0.52,0.1599999964237213,-0.31,0.17,False,0.0
METH__MGAT1,51,8,0.51,0.18000000715255737,0.36,0.15,False,0.013
TPM__EAF2,49,4,0.49,0.17000000178813934,-0.38,0.13,True,0.832
METH__TBC1D10C,48,4,0.48,0.1599999964237213,0.35,0.17,True,0.832
TPM__ERRFI1,48,4,0.48,0.18000000715255737,0.4,0.17,True,0.832
TPM__PTTG1IP,48,5,0.48,0.17000000178813934,0.44,0.17,True,0.458
TPM__SPATS2L,48,4,0.48,0.1899999976158142,0.44,0.19,True,0.832
TPM__TMEM51,47,3,0.47,0.1599999964237213,0.35,0.2,True,0.992
TPM__PTPN21,47,7,0.47,0.15000000596046448,0.35,0.17,True,0.053
METH__ZNF214,47,5,0.47,0.15000000596046448,-0.35,0.12,True,0.458
TPM__CRIM1,47,5,0.47,0.20000000298023224,0.44,0.15,True,0.458
METH__SNX7,47,5,0.47,0.18000000715255737,-0.37,0.12,True,0.458
TPM__PTGR1,47,2,0.47,0.1599999964237213,0.37,0.11,True,1.0
TPM__HCST,46,5,0.46,0.17000000178813934,-0.29,0.17,True,0.458
TPM__SDSL,46,1,0.46,0.14000000059604645,0.36,0.12,True,1.0
TPM__CCN2,46,2,0.46,0.1599999964237213,0.44,0.13,True,1.0
TPM__PMEPA1,45,3,0.45,0.1599999964237213,0.4,0.1,True,0.992
METH__EVL,45,4,0.45,0.17000000178813934,0.32,0.2,True,0.832
TPM__SEMA3C,45,3,0.45,0.15000000596046448,0.38,0.15,True,0.992
METH__PTGFRN,45,3,0.45,0.14000000059604645,-0.3,0.17,True,0.992
TPM__EPS8,44,2,0.44,0.18000000715255737,0.41,0.1,True,1.0
METH__SSH3,44,4,0.44,0.14000000059604645,-0.3,0.16,True,0.832
METH__SOAT2,44,4,0.44,0.1599999964237213,0.39,0.15,True,0.832
TPM__CCDC9B,44,5,0.44,0.20000000298023224,0.45,0.15,True,0.458
METH__SH3BGRL2,44,1,0.44,0.18000000715255737,-0.33,0.17,True,1.0
METH__FAM129C,44,3,0.44,0.20999999344348907,0.41,0.19,True,0.992
TPM__LCP1,43,2,0.43,0.15000000596046448,-0.32,0.13,True,1.0
TPM__CORO1A,42,1,0.42,0.18000000715255737,-0.35,0.17,True,1.0
TPM__SNX7,42,3,0.42,0.20999999344348907,0.41,0.18,True,0.992
TPM__KIF21B,42,4,0.42,0.15000000596046448,-0.35,0.1,True,0.832
TPM__TSPAN17,42,2,0.42,0.14000000059604645,0.39,0.09,True,1.0
TPM__TMEM131L,42,3,0.42,0.14000000059604645,-0.37,0.13,True,0.992
TPM__FERMT3,42,2,0.42,0.1599999964237213,-0.33,0.1,True,1.0
METH__PLEKHA6,42,2,0.42,0.14000000059604645,0.39,0.11,True,1.0
TPM__NECTIN2,42,1,0.42,0.1599999964237213,0.38,0.12,True,1.0
TPM__TRG-AS1,41,1,0.41,0.1599999964237213,-0.31,0.2,True,1.0
TPM__ASPH,40,0,0.4,0.18000000715255737,0.44,0.2,False,
TPM__AOPEP,40,4,0.4,0.14000000059604645,0.36,0.11,True,0.832
TPM__PXDC1,40,2,0.4,0.1599999964237213,0.37,0.16,True,1.0
METH__YOD1,39,0,0.39,0.1899999976158142,-0.4,0.11,False,
METH__SYDE1,39,0,0.39,0.14000000059604645,-0.31,0.2,False,
TPM__ATP2A3,39,1,0.39,0.15000000596046448,-0.38,0.13,True,1.0
TPM__PLPP2,39,0,0.39,0.18000000715255737,0.41,0.21,False,
TPM__NCEH1,38,1,0.38,0.1599999964237213,0.43,0.11,True,1.0
TPM__MIR22HG,38,0,0.38,0.1599999964237213,0.4,0.17,False,
METH__MARVELD3,38,4,0.38,0.18000000715255737,-0.32,0.12,True,0.832
METH__TSPAN12,38,2,0.38,0.15000000596046448,-0.36,0.11,True,1.0
TPM__SEPTIN1,37,2,0.37,0.15000000596046448,-0.3,0.15,True,1.0
TPM__FLI1,37,2,0.37,0.15000000596046448,-0.31,0.19,True,1.0
TPM__LIF,36,1,0.36,0.20000000298023224,0.46,0.19,True,1.0
TPM__AGAP2,36,1,0.36,0.20999999344348907,-0.45,0.16,True,1.0
METH__AGAP2,36,4,0.36,0.1599999964237213,-0.31,0.18,True,0.832
TPM__PARD3,36,0,0.36,0.14000000059604645,0.31,0.11,False,
METH__LAMB1,36,0,0.36,0.18000000715255737,-0.34,0.19,False,
TPM__PVR,36,1,0.36,0.18000000715255737,0.42,0.12,True,1.0
TPM__SDC1,35,0,0.35,0.1599999964237213,0.36,0.16,False,
TPM__CAVIN1,35,1,0.35,0.1899999976158142,0.43,0.15,True,1.0
TPM__CAV2,35,0,0.35,0.15000000596046448,0.39,0.14,False,
METH__FAIM3,35,0,0.35,0.15000000596046448,0.38,0.08,False,
METH__GHRLOS,35,1,0.35,0.14000000059604645,0.35,0.2,True,1.0
TPM__IGFBP3,34,1,0.34,0.15000000596046448,0.41,0.1,True,1.0
TPM__S100A10,33,0,0.33,0.14000000059604645,0.43,0.12,False,
METH__MLL2,32,0,0.32,0.15000000596046448,0.39,0.1,False,
TPM__TMEM54,32,1,0.32,0.15000000596046448,0.35,0.09,True,1.0
METH__NLRP14,32,2,0.32,0.14000000059604645,-0.34,0.07,True,1.0
TPM__P4HA2,32,1,0.32,0.15000000596046448,0.38,0.08,True,1.0
METH__WDR35,32,0,0.32,0.15000000596046448,-0.34,0.06,False,
METH__EIF3K,32,0,0.32,0.2199999988079071,0.41,0.23,False,
TPM__RAB13,31,0,0.31,0.15000000596046448,0.33,0.13,False,
TPM__PLCD3,31,1,0.31,0.15000000596046448,0.4,0.11,True,1.0
METH__TERF1,31,0,0.31,0.1599999964237213,-0.36,0.16,False,
TPM__EGFR,31,0,0.31,0.1599999964237213,0.42,0.17,False,
METH__CADPS2,31,0,0.31,0.1599999964237213,-0.3,0.15,False,
TPM__CXCR4,30,0,0.3,0.15000000596046448,-0.31,0.07,False,
METH__DGKZ,30,0,0.3,0.15000000596046448,0.37,0.15,False,
TPM__BCL9L,30,0,0.3,0.17000000178813934,0.41,0.14,False,
METH__PROCA1,30,2,0.3,0.1599999964237213,0.35,0.11,True,1.0
TPM__NQO1,30,1,0.3,0.1599999964237213,0.41,0.11,True,1.0
METH__LOC144571,29,2,0.29,0.14000000059604645,-0.34,0.12,True,1.0
TPM__UBTD1,29,1,0.29,0.17000000178813934,0.42,0.12,True,1.0
METH__HRCT1,29,0,0.29,0.15000000596046448,-0.4,0.11,False,
TPM__TM4SF1,29,6,0.29,0.20000000298023224,0.45,0.15,True,0.181
METH__PRSS23,29,3,0.29,0.17000000178813934,-0.39,0.11,True,0.992
TPM__CLCF1,28,0,0.28,0.17000000178813934,0.44,0.19,False,
TPM__BMS1P23,28,8,0.28,0.15000000596046448,0.4,0.11,False,0.013
TPM__STAC3,28,0,0.28,0.15000000596046448,-0.39,0.09,False,
TPM__NRP1,28,1,0.28,0.14000000059604645,0.39,0.16,True,1.0
TPM__IQSEC2,27,0,0.27,0.14000000059604645,0.36,0.12,False,
TPM__SHB,27,0,0.27,0.14000000059604645,0.36,0.09,False,
METH__MIR765,27,2,0.27,0.17000000178813934,0.4,0.17,True,1.0
METH__MAGI1,26,0,0.26,0.15000000596046448,-0.35,0.18,False,
TPM__LGALS3,26,1,0.26,0.1599999964237213,0.4,0.21,True,1.0
TPM__ARPIN,26,1,0.26,0.15000000596046448,0.33,0.19,True,1.0
TPM__GPC1,26,0,0.26,0.20000000298023224,0.42,0.17,False,
TPM__SUMF1,26,5,0.26,0.14000000059604645,0.39,0.14,True,0.458
TPM__IGFBP6,26,1,0.26,0.1599999964237213,0.39,0.12,True,1.0
TPM__CTSD,26,2,0.26,0.14000000059604645,0.41,0.09,True,1.0
METH__IGSF3,26,0,0.26,0.14000000059604645,-0.3,0.17,False,
TPM__TBC1D10C,26,0,0.26,0.1599999964237213,-0.31,0.13,False,
TPM__SHTN1,25,2,0.25,0.14000000059604645,0.31,0.15,True,1.0
TPM__S100A13,25,2,0.25,0.1899999976158142,0.43,0.14,True,1.0
METH__ERRFI1,25,0,0.25,0.1899999976158142,-0.43,0.12,False,
TPM__CD151,25,0,0.25,0.20000000298023224,0.45,0.11,False,
TPM__ARHGEF28,25,7,0.25,0.15000000596046448,0.41,0.1,True,0.053
METH__KITLG,25,0,0.25,0.14000000059604645,-0.3,0.14,False,
TPM__CCND1,24,2,0.24,0.1599999964237213,0.33,0.16,True,1.0
METH__RASAL2,24,0,0.24,0.15000000596046448,-0.37,0.13,False,
METH__PFKFB2,24,0,0.24,0.14000000059604645,-0.38,0.1,False,
METH__NFIB,24,0,0.24,0.1599999964237213,-0.23,0.16,False,
TPM__PRSS23,23,1,0.23,0.23999999463558197,0.49,0.18,True,1.0
TPM__FAM78A,23,0,0.23,0.23000000417232513,-0.42,0.14,False,
TPM__MGAT4B,23,4,0.23,0.14000000059604645,0.42,0.17,True,0.832
METH__TJP1,23,0,0.23,0.25,-0.46,0.22,False,
METH__ARSJ,23,0,0.23,0.14000000059604645,-0.3,0.21,False,
TPM__ITGB1,22,0,0.22,0.1599999964237213,0.42,0.13,False,
TPM__PHLDB1,22,0,0.22,0.20000000298023224,0.41,0.13,False,
TPM__NTN4,22,1,0.22,0.15000000596046448,0.43,0.18,True,1.0
TPM__ARHGAP19,22,2,0.22,0.1599999964237213,-0.39,0.12,True,1.0
TPM__PTPRK,22,2,0.22,0.14000000059604645,0.32,0.2,True,1.0
TPM__SH3RF1,21,3,0.21,0.14000000059604645,0.34,0.08,True,0.992
TPM__NPAS2,21,1,0.21,0.14000000059604645,0.39,0.14,True,1.0
TPM__ACVR1,21,1,0.21,0.1599999964237213,0.36,0.14,True,1.0
TPM__NACC2,21,2,0.21,0.15000000596046448,0.36,0.14,True,1.0
METH__CCM2,21,0,0.21,0.23999999463558197,0.43,0.24,False,
METH__LOC100233209,21,1,0.21,0.1599999964237213,0.32,0.2,True,1.0
METH__OSBPL1A,21,4,0.21,0.15000000596046448,-0.31,0.17,True,0.832
TPM__SEPTIN6,21,2,0.21,0.1899999976158142,-0.42,0.16,True,1.0
METH__ITGA2,21,0,0.21,0.15000000596046448,-0.39,0.16,False,
METH__POLD3,20,0,0.2,0.14000000059604645,-0.37,0.09,False,
TPM__AJUBA,20,0,0.2,0.15000000596046448,0.39,0.09,False,
METH__APP,20,0,0.2,0.14000000059604645,-0.36,0.21,False,
TPM__CBFA2T3,20,5,0.2,0.15000000596046448,-0.33,0.14,True,0.458
METH__GULP1,20,0,0.2,0.17000000178813934,-0.33,0.22,False,
METH__ANKRD57,20,0,0.2,0.15000000596046448,-0.3,0.15,False,
TPM__SNX9,20,5,0.2,0.15000000596046448,0.34,0.14,True,0.458
TPM__YAP1,20,0,0.2,0.2199999988079071,0.45,0.17,False,
TPM__PPP1R14B-AS1,20,3,0.2,0.17000000178813934,0.43,0.1,True,0.992
TPM__KRT80,20,0,0.2,0.1599999964237213,0.43,0.12,False,
TPM__SEC14L2,20,2,0.2,0.1599999964237213,0.38,0.13,True,1.0
TPM__GULP1,20,2,0.2,0.1599999964237213,0.39,0.18,True,1.0
TPM__MFNG,20,0,0.2,0.18000000715255737,-0.3,0.15,False,
TPM__CDCP1,19,1,0.19,0.15000000596046448,0.42,0.19,True,1.0
TPM__ITGB1P1,19,0,0.19,0.1599999964237213,0.42,0.12,False,
TPM__CARMIL2,19,1,0.19,0.15000000596046448,-0.32,0.1,True,1.0
TPM__BOK,19,3,0.19,0.15000000596046448,0.39,0.19,True,0.992
TPM__DOCK8,19,3,0.19,0.15000000596046448,-0.25,0.16,True,0.992
TPM__CAP2,19,2,0.19,0.15000000596046448,0.36,0.16,True,1.0
TPM__EMP1,19,0,0.19,0.15000000596046448,0.39,0.06,False,
TPM__S100A6,19,0,0.19,0.17000000178813934,0.45,0.17,False,
TPM__GPR39,19,1,0.19,0.18000000715255737,0.44,0.2,True,1.0
TPM__RASAL2,19,0,0.19,0.20000000298023224,0.41,0.18,False,
METH__CDC42BPA,18,0,0.18,0.14000000059604645,-0.25,0.18,False,
METH__MAP4K1,18,0,0.18,0.2199999988079071,0.41,0.23,False,
TPM__UACA,18,3,0.18,0.1899999976158142,0.44,0.14,True,0.992
TPM__CTDSPL,18,2,0.18,0.17000000178813934,0.35,0.16,True,1.0
TPM__SLC35D2,18,0,0.18,0.1899999976158142,0.39,0.12,False,
TPM__CDC42EP1,18,0,0.18,0.1599999964237213,0.37,0.15,False,
METH__RHOH,18,0,0.18,0.17000000178813934,0.32,0.18,False,
TPM__TAX1BP3,18,0,0.18,0.1599999964237213,0.42,0.15,False,
TPM__CD63,18,0,0.18,0.14000000059604645,0.42,0.14,False,
METH__PTPN14,17,0,0.17,0.1599999964237213,-0.37,0.28,False,
METH__LYPD6,17,6,0.17,0.15000000596046448,-0.32,0.09,True,0.181
TPM__ELMO1,17,0,0.17,0.20000000298023224,-0.39,0.17,False,
TPM__GRK2,17,0,0.17,0.15000000596046448,-0.36,0.11,False,
TPM__SLC1A3-AS1,17,0,0.17,0.14000000059604645,-0.33,0.21,False,
METH__SEPT10,17,0,0.17,0.15000000596046448,-0.28,0.14,False,
TPM__NT5E,17,1,0.17,0.17000000178813934,0.44,0.15,True,1.0
TPM__SDC4,17,0,0.17,0.23999999463558197,0.49,0.14,False,
TPM__CARD8-AS1,17,4,0.17,0.15000000596046448,-0.31,0.15,True,0.832
METH__ADAMTS9,16,1,0.16,0.15000000596046448,-0.3,0.2,True,1.0
TPM__SPR,16,0,0.16,0.14000000059604645,0.35,0.12,False,
TPM__MID1,16,3,0.16,0.17000000178813934,0.39,0.11,True,0.992
TPM__LAPTM4A,16,0,0.16,0.18000000715255737,0.45,0.14,False,
TPM__TRAF3IP3,16,0,0.16,0.20999999344348907,-0.43,0.19,False,
TPM__CD59,16,2,0.16,0.15000000596046448,0.39,0.14,True,1.0
TPM__LRRC8E,16,3,0.16,0.15000000596046448,0.39,0.11,True,0.992
TPM__CTSL,16,0,0.16,0.15000000596046448,0.37,0.12,False,
TPM__RHOC,16,0,0.16,0.1899999976158142,0.45,0.17,False,
METH__CTGF,16,1,0.16,0.18000000715255737,-0.37,0.17,True,1.0
METH__MYO10,16,0,0.16,0.14000000059604645,-0.3,0.2,False,
METH__FAT1,16,0,0.16,0.17000000178813934,-0.32,0.25,False,
TPM__FUCA2,16,3,0.16,0.15000000596046448,0.4,0.13,True,0.992
METH__RHEB,16,2,0.16,0.15000000596046448,-0.38,0.11,True,1.0
TPM__ITGB5,16,0,0.16,0.23999999463558197,0.47,0.2,False,
METH__ZFP112,16,1,0.16,0.17000000178813934,-0.33,0.14,True,1.0
TPM__CNN3,15,3,0.15,0.18000000715255737,0.38,0.11,True,0.992
METH__NEIL2,15,1,0.15,0.14000000059604645,0.34,0.17,True,1.0
TPM__HVCN1,15,2,0.15,0.1599999964237213,-0.29,0.16,True,1.0
METH__ERBB2,15,0,0.15,0.1599999964237213,-0.37,0.17,False,
TPM__KIFC3,15,2,0.15,0.15000000596046448,0.38,0.09,True,1.0
METH__ZNF462,15,0,0.15,0.15000000596046448,-0.29,0.13,False,
TPM__ITGA2,15,4,0.15,0.14000000059604645,0.41,0.1,True,0.832
TPM__IL13RA1,15,3,0.15,0.1899999976158142,0.41,0.19,True,0.992
TPM__LYL1,15,0,0.15,0.15000000596046448,-0.23,0.18,False,
TPM__DDR1,15,1,0.15,0.15000000596046448,0.33,0.11,True,1.0
METH__PATL1,15,1,0.15,0.15000000596046448,-0.36,0.14,True,1.0
METH__GPR125,14,0,0.14,0.17000000178813934,-0.32,0.21,False,
TPM__AK1,14,1,0.14,0.15000000596046448,0.34,0.1,True,1.0
METH__RASSF1,14,5,0.14,0.15000000596046448,0.34,0.11,True,0.458
TPM__HDAC11,14,4,0.14,0.14000000059604645,0.38,0.15,True,0.832
METH__CAP2,14,0,0.14,0.18000000715255737,-0.35,0.19,False,
TPM__ANKLE1,14,0,0.14,0.20999999344348907,-0.41,0.14,False,
METH__CCDC12,14,2,0.14,0.18000000715255737,-0.34,0.26,True,1.0
TPM__SERPINB6,14,1,0.14,0.14000000059604645,0.34,0.12,True,1.0
METH__C13orf29,14,1,0.14,0.14000000059604645,-0.38,0.14,True,1.0
METH__RINL,14,2,0.14,0.17000000178813934,0.35,0.16,True,1.0
METH__TCF3,13,2,0.13,0.14000000059604645,0.37,0.24,True,1.0
METH__CCDC88B,13,0,0.13,0.18000000715255737,0.35,0.16,False,
TPM__DCBLD2,13,4,0.13,0.18000000715255737,0.45,0.17,True,0.832
TPM__CD37,13,0,0.13,0.17000000178813934,-0.34,0.15,False,
METH__RUFY1,13,3,0.13,0.15000000596046448,-0.29,0.13,True,0.992
TPM__LAMC1,13,1,0.13,0.15000000596046448,0.4,0.11,True,1.0
TPM__BCAR3,13,2,0.13,0.1899999976158142,0.43,0.13,True,1.0
METH__LOC100302401,13,0,0.13,0.15000000596046448,-0.34,0.12,False,
TPM__TSPAN6,13,0,0.13,0.18000000715255737,0.35,0.18,False,
TPM__SNX21,13,1,0.13,0.15000000596046448,0.37,0.15,True,1.0
TPM__DOCK1,13,0,0.13,0.20999999344348907,0.37,0.13,False,
TPM__WWC2,13,0,0.13,0.14000000059604645,0.34,0.14,False,
METH__AK1,13,3,0.13,0.14000000059604645,-0.29,0.14,True,0.992
TPM__MET,13,2,0.13,0.20999999344348907,0.46,0.12,True,1.0
TPM__MANBAL,13,2,0.13,0.20000000298023224,0.4,0.14,True,1.0
TPM__ITGAV,13,4,0.13,0.17000000178813934,0.4,0.15,True,0.832
TPM__ABCC3,12,3,0.12,0.1599999964237213,0.43,0.21,True,0.992
METH__HCST,12,0,0.12,0.1599999964237213,0.33,0.12,False,
TPM__NR2F2,12,3,0.12,0.1599999964237213,0.36,0.14,True,0.992
TPM__GNG12,12,0,0.12,0.2199999988079071,0.44,0.18,False,
TPM__MYB,12,0,0.12,0.20000000298023224,-0.42,0.13,False,
TPM__TGM2,12,5,0.12,0.15000000596046448,0.41,0.09,True,0.458
TPM__ATP1B1,12,3,0.12,0.17000000178813934,0.38,0.09,True,0.992
METH__PTRF,12,0,0.12,0.17000000178813934,-0.41,0.17,False,
METH__MTMR11,12,1,0.12,0.18000000715255737,-0.38,0.16,True,1.0
TPM__PON2,12,3,0.12,0.18000000715255737,0.42,0.16,True,0.992
METH__CRIM1,12,3,0.12,0.17000000178813934,-0.38,0.14,True,0.992
METH__ITPRIPL2,12,3,0.12,0.15000000596046448,-0.35,0.12,True,0.992
METH__KRI1,12,0,0.12,0.17000000178813934,0.38,0.22,False,
METH__ABHD10,12,0,0.12,0.1899999976158142,-0.39,0.27,False,
METH__ACTN1,12,1,0.12,0.15000000596046448,-0.28,0.27,True,1.0
METH__GALNT11,12,0,0.12,0.15000000596046448,-0.28,0.13,False,
METH__C17orf87,12,4,0.12,0.15000000596046448,0.36,0.17,True,0.832
TPM__RIN2,12,1,0.12,0.17000000178813934,0.4,0.17,True,1.0
TPM__PPP2R3A,12,1,0.12,0.17000000178813934,0.42,0.14,True,1.0
TPM__ARHGAP29,12,3,0.12,0.18000000715255737,0.45,0.18,True,0.992
TPM__ITPRIPL2,11,2,0.11,0.15000000596046448,0.37,0.15,True,1.0
TPM__CSK,11,2,0.11,0.15000000596046448,-0.37,0.16,True,1.0
TPM__PHLDA2,11,2,0.11,0.17000000178813934,0.4,0.17,True,1.0
METH__FERMT3,11,0,0.11,0.20999999344348907,0.4,0.14,False,
TPM__SH2D4A,11,3,0.11,0.15000000596046448,0.38,0.13,True,0.992
TPM__CDC14B,11,4,0.11,0.15000000596046448,0.35,0.15,True,0.832
TPM__ASAP2,11,0,0.11,0.18000000715255737,0.37,0.13,False,
TPM__SH3D19,11,1,0.11,0.20000000298023224,0.41,0.22,True,1.0
TPM__CAPN2,11,4,0.11,0.20000000298023224,0.46,0.19,True,0.832
TPM__SRGAP1,11,4,0.11,0.15000000596046448,0.35,0.09,True,0.832
TPM__IL2RG,11,2,0.11,0.1599999964237213,-0.3,0.15,True,1.0
METH__ARHGEF10,11,0,0.11,0.15000000596046448,-0.26,0.23,False,
METH__OSM,11,0,0.11,0.23000000417232513,0.45,0.16,False,
TPM__CRIM1-DT,11,0,0.11,0.15000000596046448,0.43,0.19,False,
TPM__TEAD1,11,0,0.11,0.18000000715255737,0.35,0.19,False,
METH__THBS1,11,0,0.11,0.18000000715255737,-0.4,0.14,False,
METH__THAP10,10,0,0.1,0.15000000596046448,-0.19,0.18,False,
TPM__FHL2,10,1,0.1,0.20999999344348907,0.44,0.18,True,1.0
TPM__SLC49A4,10,1,0.1,0.14000000059604645,0.34,0.21,True,1.0
TPM__PPIC,10,3,0.1,0.2199999988079071,0.43,0.18,True,0.992
METH__FAM47E,10,2,0.1,0.15000000596046448,-0.3,0.23,True,1.0
METH__PIK3CG,10,2,0.1,0.17000000178813934,0.35,0.14,True,1.0
TPM__TWF1,10,4,0.1,0.15000000596046448,0.4,0.2,True,0.832
TPM__BCAR1,10,1,0.1,0.23000000417232513,0.45,0.13,True,1.0
TPM__TGFBI,10,3,0.1,0.17000000178813934,0.42,0.11,True,0.992
TPM__KBTBD8,10,2,0.1,0.1599999964237213,-0.37,0.17,True,1.0
TPM__TSPOAP1-AS1,10,0,0.1,0.18000000715255737,-0.36,0.14,False,
TPM__BCAM,10,0,0.1,0.14000000059604645,0.38,0.14,False,
METH__MIR1469,10,0,0.1,0.1899999976158142,-0.3,0.24,False,
TPM__BAIAP2,10,1,0.1,0.18000000715255737,0.39,0.12,True,1.0
TPM__KDELR3,10,2,0.1,0.1899999976158142,0.42,0.12,True,1.0
TPM__RASGRP2,10,0,0.1,0.18000000715255737,-0.35,0.16,False,
METH__PRSS48,10,3,0.1,0.1599999964237213,0.39,0.09,True,0.992
METH__CDC14B,10,1,0.1,0.1899999976158142,-0.41,0.14,True,1.0
TPM__SMAP2,9,1,0.09,0.14000000059604645,-0.37,0.16,True,1.0
METH__TEAD1,9,0,0.09,0.14000000059604645,-0.32,0.27,False,
METH__RGS1,9,3,0.09,0.1599999964237213,0.36,0.12,True,0.992
METH__CNKSR3,9,1,0.09,0.1599999964237213,-0.35,0.15,True,1.0
TPM__FCHO2,9,3,0.09,0.1599999964237213,0.36,0.14,True,0.992
TPM__NHSL3,9,0,0.09,0.1599999964237213,0.37,0.14,False,
METH__B3GNT5,9,1,0.09,0.14000000059604645,-0.36,0.12,True,1.0
TPM__DSTN,9,2,0.09,0.15000000596046448,0.41,0.14,True,1.0
METH__C9orf150,9,0,0.09,0.15000000596046448,-0.32,0.25,False,
METH__SOCS6,9,2,0.09,0.15000000596046448,-0.35,0.13,True,1.0
TPM__IL12RB1,9,0,0.09,0.17000000178813934,-0.27,0.18,False,
TPM__DLG5,9,0,0.09,0.15000000596046448,0.31,0.11,False,
TPM__CTNND1,9,0,0.09,0.17000000178813934,0.35,0.12,False,
TPM__CD276,9,0,0.09,0.20999999344348907,0.37,0.18,False,
METH__LOC100130776,9,0,0.09,0.20000000298023224,-0.34,0.09,False,
METH__GAS2L3,9,0,0.09,0.20999999344348907,-0.4,0.16,False,
METH__CD160,9,1,0.09,0.1599999964237213,0.4,0.09,True,1.0
TPM__ANXA4,9,1,0.09,0.14000000059604645,0.39,0.09,True,1.0
TPM__ARSJ,8,2,0.08,0.15000000596046448,0.44,0.17,True,1.0
TPM__ARPIN-AP3S2,8,1,0.08,0.15000000596046448,0.33,0.17,True,1.0
TPM__CST3,8,1,0.08,0.15000000596046448,0.36,0.1,True,1.0
TPM__ARHGAP25,8,2,0.08,0.15000000596046448,-0.29,0.15,True,1.0
TPM__PHLDA1,8,2,0.08,0.1599999964237213,0.4,0.14,True,1.0
TPM__ACTN1,8,0,0.08,0.1599999964237213,0.39,0.09,False,
METH__INTU,8,1,0.08,0.17000000178813934,-0.32,0.26,True,1.0
TPM__GIPC1,8,3,0.08,0.20000000298023224,0.46,0.14,True,0.992
TPM__PPP1R16B,8,1,0.08,0.17000000178813934,-0.32,0.2,True,1.0
METH__NLRC3,8,0,0.08,0.15000000596046448,0.31,0.16,False,
TPM__ANXA2,8,1,0.08,0.18000000715255737,0.48,0.17,True,1.0
METH__DDAH1,8,0,0.08,0.20000000298023224,-0.44,0.17,False,
METH__CYR61,8,1,0.08,0.18000000715255737,-0.42,0.16,True,1.0
TPM__FAT1,8,0,0.08,0.15000000596046448,0.35,0.16,False,
TPM__RAB11FIP5,8,2,0.08,0.1599999964237213,0.37,0.17,True,1.0
TPM__CTNNA1,8,0,0.08,0.1599999964237213,0.42,0.18,False,
METH__RAVER1,7,0,0.07,0.1599999964237213,-0.26,0.2,False,
TPM__CTTNBP2NL,7,2,0.07,0.14000000059604645,0.33,0.12,True,1.0
TPM__CDC42BPB,7,0,0.07,0.1599999964237213,0.32,0.21,False,
TPM__RHBDF1,7,0,0.07,0.20999999344348907,0.43,0.17,False,
TPM__PLS3,7,0,0.07,0.20000000298023224,0.42,0.17,False,
TPM__CARD10,7,0,0.07,0.1899999976158142,0.43,0.16,False,
TPM__PARVA,7,1,0.07,0.20999999344348907,0.43,0.21,True,1.0
TPM__MYO1C,7,0,0.07,0.1599999964237213,0.38,0.16,False,
TPM__PXN,7,2,0.07,0.1899999976158142,0.42,0.15,True,1.0
TPM__RHOH,7,0,0.07,0.18000000715255737,-0.37,0.22,False,
METH__PPP1R16B,7,2,0.07,0.15000000596046448,0.33,0.1,True,1.0
METH__SELPLG,7,2,0.07,0.15000000596046448,0.29,0.16,True,1.0
TPM__IL16,7,1,0.07,0.15000000596046448,-0.35,0.15,True,1.0
METH__PKN1,7,0,0.07,0.1899999976158142,0.33,0.19,False,
TPM__RRAS,7,0,0.07,0.15000000596046448,0.4,0.12,False,
TPM__AMOTL2,7,0,0.07,0.25,0.47,0.19,False,
TPM__SGMS2,7,1,0.07,0.18000000715255737,0.42,0.16,True,1.0
TPM__PERP,7,1,0.07,0.1599999964237213,0.36,0.12,True,1.0
METH__INPP5D,6,0,0.06,0.17000000178813934,0.38,0.15,False,
METH__NR2F2,6,0,0.06,0.1899999976158142,-0.36,0.11,False,
METH__PPIC,6,0,0.06,0.17000000178813934,-0.34,0.32,False,
METH__SPIRE2,6,2,0.06,0.15000000596046448,-0.29,0.09,True,1.0
TPM__WWTR1,6,0,0.06,0.18000000715255737,0.42,0.14,False,
TPM__THBS1,6,1,0.06,0.18000000715255737,0.44,0.19,True,1.0
TPM__ANXA2P2,6,0,0.06,0.18000000715255737,0.43,0.19,False,
TPM__RND3,6,2,0.06,0.1899999976158142,0.42,0.12,True,1.0
TPM__GPRC5A,6,0,0.06,0.18000000715255737,0.45,0.15,False,
TPM__AHNAK2,6,2,0.06,0.17000000178813934,0.42,0.12,True,1.0
METH__DOK2,6,0,0.06,0.15000000596046448,0.35,0.12,False,
METH__C4orf12,6,0,0.06,0.14000000059604645,-0.23,0.22,False,
METH__BCL9L,6,1,0.06,0.20000000298023224,-0.43,0.2,True,1.0
TPM__ITGA3,6,0,0.06,0.2199999988079071,0.47,0.18,False,
TPM__PTPRF,6,0,0.06,0.1599999964237213,0.31,0.17,False,
METH__PTPRK,6,0,0.06,0.15000000596046448,-0.36,0.2,False,
TPM__IQCJ-SCHIP1,6,1,0.06,0.1599999964237213,0.4,0.14,True,1.0
METH__COBL,5,0,0.05,0.15000000596046448,-0.31,0.13,False,
TPM__APP,5,1,0.05,0.18000000715255737,0.38,0.14,True,1.0
TPM__DAG1,5,0,0.05,0.18000000715255737,0.41,0.19,False,
TPM__HCLS1,5,0,0.05,0.18000000715255737,-0.34,0.19,False,
METH__PTPRCAP,5,1,0.05,0.18000000715255737,0.39,0.18,True,1.0
TPM__SH3BP4,5,0,0.05,0.20999999344348907,0.41,0.22,False,
TPM__PLK2,5,1,0.05,0.20999999344348907,0.46,0.15,True,1.0
METH__SLC44A3,5,0,0.05,0.14000000059604645,-0.34,0.08,False,
TPM__PDE1B,5,0,0.05,0.20000000298023224,-0.39,0.23,False,
METH__RBM9,5,0,0.05,0.15000000596046448,-0.3,0.13,False,
METH__PLEKHA1,5,1,0.05,0.18000000715255737,-0.35,0.16,True,1.0
METH__RHOBTB1,4,0,0.04,0.14000000059604645,-0.29,0.12,False,
METH__PRIC285,4,0,0.04,0.20999999344348907,0.41,0.25,False,
TPM__LAPTM5,4,1,0.04,0.15000000596046448,-0.25,0.14,True,1.0
TPM__LAMB2,4,0,0.04,0.2199999988079071,0.41,0.21,False,
TPM__ARHGAP30,4,0,0.04,0.20999999344348907,-0.32,0.19,False,
TPM__CTTN,4,0,0.04,0.20999999344348907,0.42,0.19,False,
METH__CASZ1,4,0,0.04,0.1899999976158142,-0.35,0.15,False,
METH__IMPAD1,4,1,0.04,0.15000000596046448,-0.34,0.19,True,1.0
TPM__KRT8,4,0,0.04,0.18000000715255737,0.43,0.09,False,
METH__FAM113B,4,0,0.04,0.18000000715255737,0.33,0.18,False,
TPM__EPB41L1,4,2,0.04,0.1599999964237213,0.35,0.14,True,1.0
TPM__TUFT1,4,1,0.04,0.17000000178813934,0.39,0.12,True,1.0
TPM__AGRN,4,0,0.04,0.18000000715255737,0.4,0.15,False,
METH__C1orf55,4,0,0.04,0.1599999964237213,0.33,0.12,False,
TPM__ACAP1,4,0,0.04,0.15000000596046448,-0.26,0.15,False,
METH__DOK3,4,1,0.04,0.1599999964237213,0.35,0.11,True,1.0
METH__SASH1,4,1,0.04,0.17000000178813934,-0.3,0.24,True,1.0
TPM__FOSL1,3,0,0.03,0.1599999964237213,0.41,0.15,False,
METH__RAB27B,3,1,0.03,0.17000000178813934,-0.37,0.16,True,1.0
TPM__LMNA,3,1,0.03,0.20999999344348907,0.47,0.17,True,1.0
TPM__CD38,3,1,0.03,0.1599999964237213,-0.31,0.16,True,1.0
TPM__PIK3CG,3,1,0.03,0.1899999976158142,-0.26,0.23,True,1.0
METH__NPAS2,3,1,0.03,0.1899999976158142,-0.39,0.21,True,1.0
METH__DSTN,3,1,0.03,0.18000000715255737,-0.36,0.22,True,1.0
TPM__GMFG,3,0,0.03,0.1899999976158142,-0.26,0.2,False,
TPM__AXL,3,0,0.03,0.1599999964237213,0.42,0.2,False,
METH__AMOTL2,3,0,0.03,0.15000000596046448,-0.35,0.14,False,
TPM__PTPRCAP,3,0,0.03,0.17000000178813934,-0.27,0.19,False,
METH__BZRAP1,3,1,0.03,0.2199999988079071,0.4,0.21,True,1.0
TPM__S100A16,3,0,0.03,0.18000000715255737,0.4,0.09,False,
METH__LAMB2,3,0,0.03,0.18000000715255737,-0.18,0.2,False,
TPM__LAMB1,3,0,0.03,0.18000000715255737,0.4,0.12,False,
METH__PTPN6,3,0,0.03,0.14000000059604645,0.27,0.12,False,
TPM__EPHA2,3,0,0.03,0.23000000417232513,0.48,0.18,False,
METH__AADAT,2,0,0.02,0.1599999964237213,-0.34,0.19,False,
METH__MIR142,2,0,0.02,0.2199999988079071,0.36,0.2,False,
TPM__NCKAP1,2,0,0.02,0.20999999344348907,0.37,0.19,False,
TPM__NIBAN2,2,0,0.02,0.23000000417232513,0.47,0.13,False,
TPM__PTPN14,2,0,0.02,0.14000000059604645,0.35,0.13,False,
TPM__SHISA4,2,0,0.02,0.1599999964237213,0.4,0.15,False,
METH__TMEM149,2,0,0.02,0.20000000298023224,0.39,0.26,False,
METH__BIN2,2,0,0.02,0.1899999976158142,0.37,0.15,False,
METH__LRIG3,2,0,0.02,0.17000000178813934,-0.33,0.27,False,
METH__MYO1G,2,1,0.02,0.1899999976158142,0.34,0.14,True,1.0
METH__LRRC49,2,0,0.02,0.15000000596046448,-0.2,0.17,False,
METH__JUB,2,0,0.02,0.20000000298023224,-0.44,0.17,False,
TPM__TOM1L1,2,0,0.02,0.17000000178813934,0.28,0.12,False,
TPM__NCKAP1L,1,0,0.01,0.23000000417232513,-0.37,0.27,False,
METH__SEMA3C,1,0,0.01,0.15000000596046448,-0.34,0.17,False,
METH__SLC44A2,1,0,0.01,0.17000000178813934,-0.38,0.1,False,
TPM__TJP1,1,0,0.01,0.25,0.43,0.16,False,
TPM__MYOF,1,0,0.01,0.2199999988079071,0.46,0.11,False,
TPM__GPX8,1,0,0.01,0.1899999976158142,0.43,0.19,False,
TPM__FKBP9,1,0,0.01,0.2199999988079071,0.41,0.21,False,
TPM__CEP170B,1,0,0.01,0.1899999976158142,0.38,0.15,False,
TPM__IRAG2,1,0,0.01,0.20000000298023224,-0.35,0.21,False,
METH__SLA2,1,0,0.01,0.15000000596046448,0.35,0.14,False,
TPM__SH2D3C,1,0,0.01,0.1899999976158142,-0.41,0.14,False,
TPM__ZNF205,1,0,0.01,0.1599999964237213,0.25,0.16,False,
METH__C4orf38,1,0,0.01,0.1599999964237213,-0.31,0.14,False,
METH__WWC2,1,0,0.01,0.1599999964237213,-0.31,0.14,False,
TPM__WAS,1,0,0.01,0.25,-0.41,0.19,False,
TPM__KRT18,1,0,0.01,0.20000000298023224,0.44,0.14,False,
TPM__MAP4K1,1,0,0.01,0.2199999988079071,-0.4,0.19,False,
TPM__MIR142HG,0,0,0.0,,,,False,
TPM__CD53,0,0,0.0,,,,False,
TPM__IKZF1,0,0,0.0,,,,False,
METH__ZNF697,0,0,0.0,,,,False,
TPM__PTPN7,0,0,0.0,,,,False,
TPM__ARHGAP15,0,0,0.0,,,,False,
TPM__CCN1,0,0,0.0,,,,False,
TPM__ARHGAP9,0,0,0.0,,,,False,
TPM__FAM114A1,0,0,0.0,,,,False,
TPM__RCSD1,0,0,0.0,,,,False,
METH__PTPN7,0,0,0.0,,,,False,
METH__GPR39,0,0,0.0,,,,False,
METH__TMEM51,0,0,0.0,,,,False,
TPM__TNFRSF12A,0,0,0.0,,,,False,
